{
  "timestamp": "2025-10-04T00:24:26.029Z",
  "iteration": "61-phase-1-1",
  "phase": "Ultra-Fast Transcription Optimization",
  "config": {
    "parallelChunks": 8,
    "chunkSizeMs": 7500,
    "overlapMs": 750,
    "speedMode": "ultra",
    "maxProcessingTimeMs": 5000,
    "enableCache": true,
    "enablePreprocessing": true,
    "enableSmartSplitting": true,
    "fallbackToFast": true,
    "retryFailedChunks": true
  },
  "results": [
    {
      "audioDuration": 30,
      "processingTime": 501.65394,
      "speedRatio": 59.80218155966243,
      "chunksProcessed": 4,
      "parallelBatches": 1,
      "breakdown": {
        "preprocessing": 149.96516,
        "splitting": 80.18691799999999,
        "processing": 150.73586999999998,
        "assembly": 120.32975600000003
      },
      "scenario": "30-second audio",
      "target": 1500,
      "success": true,
      "grade": "🏆 EXCELLENT"
    },
    {
      "audioDuration": 60,
      "processingTime": 501.9862780000001,
      "speedRatio": 119.52517953090342,
      "chunksProcessed": 8,
      "parallelBatches": 1,
      "breakdown": {
        "preprocessing": 150.294534,
        "splitting": 80.17746,
        "processing": 150.65505699999994,
        "assembly": 120.35346099999992
      },
      "scenario": "60-second audio",
      "target": 3000,
      "success": true,
      "grade": "🏆 EXCELLENT"
    },
    {
      "audioDuration": 120,
      "processingTime": 651.0380200000002,
      "speedRatio": 184.3210324337125,
      "chunksProcessed": 16,
      "parallelBatches": 2,
      "breakdown": {
        "preprocessing": 150.29621700000007,
        "splitting": 80.19568500000014,
        "processing": 299.83520099999987,
        "assembly": 120.23437400000012
      },
      "scenario": "120-second audio",
      "target": 6000,
      "success": true,
      "grade": "🏆 EXCELLENT"
    },
    {
      "audioDuration": 300,
      "processingTime": 1102.1644669999998,
      "speedRatio": 272.1916818971447,
      "chunksProcessed": 40,
      "parallelBatches": 5,
      "breakdown": {
        "preprocessing": 150.22906000000012,
        "splitting": 80.15797300000008,
        "processing": 751.4175320000002,
        "assembly": 120.10208299999977
      },
      "scenario": "300-second audio",
      "target": 15000,
      "success": true,
      "grade": "🏆 EXCELLENT"
    }
  ],
  "summary": {
    "totalTests": 4,
    "successful": 4,
    "averageSpeedRatio": 158.96001885535577,
    "bestPerformance": 272.1916818971447,
    "recommendations": "Implement WebAssembly, GPU acceleration, and Web Workers"
  }
}