{
  "timestamp": "2025-10-03T18:18:52.943Z",
  "iteration": 46,
  "totalDuration": 157.720595,
  "results": {
    "testCases": [
      {
        "testCase": "Technical Content - High Complexity",
        "characteristics": {
          "speechRate": 61.33333333333333,
          "complexity": "high",
          "domain": "technical",
          "audioQuality": 0.85,
          "keywordDensity": 0.06521739130434782,
          "diagramLikelihood": 0.6
        },
        "optimization": {
          "parameters": {
            "confidenceThreshold": 0.85,
            "segmentMinLength": 5000,
            "segmentMaxLength": 40000,
            "processingMode": "fast",
            "layoutDensity": 0.6
          },
          "expectedPerformance": {
            "accuracy": 0.820224,
            "speed": 6.7860000000000005,
            "reliability": 0.95
          },
          "confidence": 0.9199999999999999
        },
        "actualPerformance": {
          "accuracy": 0.8117359396937696,
          "speed": 6.959833390037655,
          "reliability": 0.9339896959707444
        },
        "duration": 70.54484699999999,
        "improvement": {
          "accuracy": -1.007812232467121,
          "speed": 33.84294980841644,
          "reliability": 2.636230326455429
        },
        "status": "success"
      },
      {
        "testCase": "Business Process - Medium Complexity",
        "characteristics": {
          "speechRate": 78,
          "complexity": "high",
          "domain": "business",
          "audioQuality": 0.9,
          "keywordDensity": 0.10256410256410256,
          "diagramLikelihood": 0.4
        },
        "optimization": {
          "parameters": {
            "confidenceThreshold": 0.7999999999999999,
            "segmentMinLength": 5000,
            "segmentMaxLength": 40000,
            "processingMode": "fast",
            "layoutDensity": 0.6
          },
          "expectedPerformance": {
            "accuracy": 0.801792,
            "speed": 6.9030000000000005,
            "reliability": 0.95
          },
          "confidence": 0.9299999999999999
        },
        "actualPerformance": {
          "accuracy": 0.8226044976113287,
          "speed": 7.169533040793789,
          "reliability": 0.9309398577101767
        },
        "duration": 43.176846999999995,
        "improvement": {
          "accuracy": 0.3176216599181401,
          "speed": 37.87563539988056,
          "reliability": 2.3010832648545825
        },
        "status": "success"
      },
      {
        "testCase": "Educational Content - Simple Flow",
        "characteristics": {
          "speechRate": 117,
          "complexity": "low",
          "domain": "educational",
          "audioQuality": 0.95,
          "keywordDensity": 0.10256410256410256,
          "diagramLikelihood": 0.4
        },
        "optimization": {
          "parameters": {
            "confidenceThreshold": 0.65,
            "segmentMinLength": 5000,
            "segmentMaxLength": 40000,
            "processingMode": "fast",
            "layoutDensity": 0.8
          },
          "expectedPerformance": {
            "accuracy": 0.7776,
            "speed": 8.06,
            "reliability": 0.95
          },
          "confidence": 0.94
        },
        "actualPerformance": {
          "accuracy": 0.7867114518026407,
          "speed": 8.266244343191648,
          "reliability": 0.9226371380877326
        },
        "duration": 42.16531599999999,
        "improvement": {
          "accuracy": -4.059579048458447,
          "speed": 58.96623736907015,
          "reliability": 1.3886964931574275
        },
        "status": "success"
      }
    ],
    "performance": {
      "averages": {
        "accuracy": 0.8070172963692462,
        "speed": 7.46520359134103,
        "reliability": 0.929188897256218
      },
      "improvements": {
        "accuracy": -1.5832565403358188,
        "speed": 43.561607525789036,
        "reliability": 2.1086700281558213
      },
      "successful": 3,
      "total": 3
    },
    "optimization": {},
    "quality": {
      "score": 70,
      "criteria": {
        "accuracyTarget": false,
        "speedImprovement": true,
        "reliabilityMaintained": true,
        "allTestsPassed": true
      },
      "recommendations": [
        "Improve accuracy: target 89%, achieved 80.7%"
      ],
      "status": "FAIR"
    },
    "iterations": 3,
    "baseline": {
      "accuracy": 0.82,
      "speed": 5.2,
      "reliability": 0.91,
      "memoryUsage": 209715200
    }
  },
  "systemStatus": "FAIR - Significant improvements required",
  "nextActions": [
    "Address quality issues identified in optimization tests",
    "Improve accuracy: target 89%, achieved 80.7%",
    "Improve parameter tuning for accuracy gains"
  ],
  "customInstructionsCompliance": {
    "score": 100,
    "checks": {
      "modularImplementation": true,
      "functionalVerification": true,
      "iterativeImprovement": {
        "accuracy": -1.5832565403358188,
        "speed": 43.561607525789036,
        "reliability": 2.1086700281558213
      },
      "processTransparency": {
        "accuracyTarget": false,
        "speedImprovement": true,
        "reliabilityMaintained": true,
        "allTestsPassed": true
      }
    },
    "methodology": "実装→テスト→評価→改善の繰り返し",
    "status": "FULLY_COMPLIANT"
  }
}